{"length": 1, "blocks": [{"height": 0, "proof": 0, "transactions": [{"sender": "30819f300d06092a864886f70d010101050003818d003081890281810091098945fc003a5f79e0edd9dc3b4690c18ee1609a55d5f4ce32dcfa64f683f8dc8251e6c02372e0700f3231ea7bd56d88027afb3fd1e80211cfdb37fcda0f20d1554f83f7975df450a42d9a6f1dfed9b7826da2f3a872877241ca7fbbd3af4d6013ef99dd24802a460a23de9051f8c0c98835892d06a5932ff876541b150f450203010001", "inputs": [{"block_index": 0, "transaction_index": 0, "output_index": 0}], "outputs": [{"recipient_address": "DemoUser", "value": 42, "message": {"type": 1, "message": "Hello there...General Kenobi"}}], "timestamp": 1628795800.5253055, "signature": "2d80205f7e220ee255c2b9abcbecc74a63a8c14deafa2323602c4aa640042d3f5db56689efdc16b786da8fe8e7ce5507fbeb9c620b1834915750734ec6b6eb3179e25d9e63075a37f5decb8fa4e23cf1dcf63f685bacdf16f3a0d0bba7e69e7ecda9f4fdeda15ad55cc32a63fe47dd31d174993b2b7008bfe53ba75d2b92223e"}], "previous_hash": null, "timestamp": 1628795800.5282965}]}